,Attrition,Age,DistanceFromHome,Education,JobLevel,MonthlyIncome,NumCompaniesWorked,PercentSalaryHike,StockOptionLevel,TotalWorkingYears,TrainingTimesLastYear,YearsAtCompany,YearsSinceLastPromotion,YearsWithCurrManager,PerformanceRating,JobInvolvement,EnvironmentSatisfaction,JobSatisfaction,WorkLifeBalance
935,0,23,6,3,2,191870,1.0,11,1,5.0,2,5,1,4,3,3,3.0,4.0,4.0
2353,0,50,3,3,2,43740,3.0,15,1,21.0,5,5,4,4,3,2,2.0,2.0,3.0
3440,0,59,2,2,5,20660,4.0,17,1,12.0,3,1,0,0,3,3,2.0,4.0,3.0
1891,0,45,2,3,3,35800,4.0,20,1,8.0,1,5,0,3,4,2,4.0,2.0,3.0
208,0,36,6,3,2,59150,2.0,13,1,13.0,3,3,0,2,3,2,4.0,3.0,4.0
711,0,50,2,3,2,42940,2.0,20,0,32.0,2,30,12,13,4,4,3.0,4.0,4.0
3375,0,42,8,4,2,61510,1.0,14,1,20.0,3,20,3,7,3,4,1.0,4.0,4.0
2033,0,38,22,3,1,29790,4.0,12,1,9.0,3,6,0,5,3,3,2.0,4.0,3.0
1005,0,32,18,3,2,74460,0.0,19,0,7.0,3,6,0,5,3,4,2.0,1.0,3.0
3740,1,28,8,3,2,29760,1.0,7,0,1.0,3,1,0,0,3,2,3.0,1.0,1.0
1437,0,40,2,4,3,51260,5.0,18,0,20.0,2,18,1,12,3,2,4.0,4.0,1.0
1136,0,36,20,3,2,55050,4.0,21,2,13.0,3,8,7,2,4,1,4.0,2.0,3.0
2745,0,42,10,4,2,22880,5.0,16,1,8.0,4,2,2,2,3,3,4.0,3.0,3.0
2419,0,31,6,4,1,24370,9.0,14,1,9.0,3,2,2,2,3,2,3.0,3.0,2.0
3475,0,44,1,1,3,15630,5.0,15,2,9.0,3,4,1,3,3,3,2.0,3.0,3.0
3955,1,35,29,3,3,20700,1.0,4,3,5.0,1,4,0,2,2,2,4.0,2.0,2.0
3095,0,28,7,3,2,59330,0.0,11,0,5.0,3,4,1,3,3,3,2.0,3.0,4.0
2374,0,51,3,2,2,25700,3.0,18,0,21.0,2,7,1,0,3,4,4.0,3.0,3.0
1214,0,25,6,4,4,134640,1.0,13,1,6.0,2,6,1,5,3,4,2.0,4.0,2.0
1955,0,40,6,3,2,24040,6.0,17,0,18.0,2,4,3,3,3,3,4.0,4.0,3.0
2333,0,32,2,3,3,77560,0.0,21,0,9.0,3,8,0,7,4,4,3.0,3.0,2.0
573,0,51,3,1,3,40280,3.0,14,0,29.0,3,5,0,3,3,2,3.0,3.0,3.0
812,0,38,22,3,1,29790,4.0,12,1,9.0,3,6,0,5,3,3,4.0,2.0,2.0
671,0,42,1,4,2,31620,2.0,17,2,24.0,1,20,13,9,3,4,2.0,4.0,4.0
872,0,43,1,3,1,73790,7.0,13,2,21.0,3,16,6,14,3,3,4.0,4.0,4.0
2491,0,33,3,2,4,47880,3.0,11,1,9.0,0,7,0,1,3,3,4.0,4.0,3.0
124,0,45,2,3,1,50980,3.0,14,1,8.0,4,2,0,2,3,3,4.0,3.0,2.0
3146,0,36,17,3,2,23290,3.0,15,0,9.0,2,3,0,2,3,3,3.0,4.0,4.0
619,0,34,7,2,1,32800,5.0,13,0,7.0,3,5,0,2,3,4,4.0,2.0,3.0
2722,0,34,6,4,3,23480,1.0,14,1,6.0,3,5,1,3,3,4,2.0,3.0,4.0
961,0,52,2,4,1,46140,2.0,16,1,16.0,3,9,0,0,3,3,4.0,3.0,4.0
3666,1,25,6,2,3,26600,5.0,4,0,6.0,3,2,0,2,2,3,1.0,1.0,3.0
43,0,31,6,4,2,132250,3.0,21,1,9.0,2,2,1,0,4,4,3.0,4.0,3.0
1785,0,51,14,2,4,77250,1.0,13,1,33.0,2,33,0,10,3,3,2.0,1.0,2.0
4050,1,34,2,1,1,134990,4.0,16,2,11.0,2,7,0,7,2,1,2.0,3.0,2.0
955,0,32,1,2,3,136950,0.0,13,0,3.0,3,2,2,2,3,4,2.0,2.0,3.0
1041,0,50,2,4,4,83760,5.0,14,3,29.0,2,27,13,8,3,3,3.0,4.0,4.0
3823,1,29,16,2,1,52200,1.0,10,0,1.0,3,1,1,0,1,1,2.0,2.0,2.0
542,0,28,1,4,2,20330,2.0,15,1,5.0,5,3,1,2,3,3,2.0,3.0,4.0
1298,0,37,4,3,4,21440,6.0,19,0,17.0,3,5,0,3,3,3,4.0,2.0,3.0
4127,1,34,8,3,1,56170,8.0,22,1,9.0,3,5,0,4,3,2,4.0,1.0,1.0
4270,1,35,18,4,2,19040,1.0,18,1,10.0,4,10,7,7,2,3,3.0,3.0,1.0
2413,0,32,10,4,3,85640,2.0,16,1,6.0,2,4,1,2,3,4,2.0,2.0,3.0
4218,1,45,14,3,2,43060,2.0,4,2,26.0,3,24,1,11,2,4,2.0,3.0,4.0
1430,0,34,14,1,1,27030,1.0,21,1,9.0,2,8,7,7,4,2,4.0,3.0,3.0
3392,0,47,17,2,1,46390,0.0,15,1,14.0,2,13,5,12,3,1,4.0,4.0,4.0
4220,1,44,25,4,2,62720,1.0,11,1,10.0,3,10,0,5,2,1,2.0,1.0,2.0
156,0,40,12,3,2,25710,7.0,14,0,22.0,1,20,5,13,3,2,4.0,4.0,4.0
3858,1,34,5,4,5,55620,1.0,11,0,9.0,3,9,0,6,3,1,2.0,2.0,1.0
3010,0,38,2,4,1,107250,3.0,18,0,11.0,5,7,1,7,3,3,3.0,2.0,3.0
2078,0,18,2,3,3,186060,1.0,24,2,0.0,4,0,0,0,4,3,2.0,4.0,4.0
2148,0,33,2,4,4,168800,1.0,14,3,9.0,2,9,2,8,3,4,3.0,4.0,3.0
38,0,36,4,4,1,85780,7.0,21,0,11.0,4,9,0,8,4,2,3.0,4.0,4.0
3219,0,37,10,3,1,119040,1.0,12,1,6.0,4,6,1,3,3,2,1.0,4.0,3.0
1267,0,43,11,3,5,38860,1.0,17,2,9.0,2,9,0,0,3,4,3.0,4.0,3.0
770,0,26,14,2,1,108800,1.0,23,1,7.0,5,7,5,7,4,3,4.0,4.0,3.0
3334,0,36,10,3,3,25170,2.0,18,0,12.0,3,4,1,3,3,4,4.0,4.0,3.0
3103,0,39,5,1,2,51750,4.0,17,1,9.0,2,2,2,2,3,2,4.0,4.0,2.0
1506,0,44,19,5,1,25660,9.0,11,1,10.0,3,5,2,3,3,4,4.0,4.0,3.0
755,0,38,15,2,2,24510,7.0,12,1,19.0,3,13,2,9,3,3,4.0,2.0,3.0
3471,0,34,6,2,1,86200,0.0,16,1,10.0,2,9,8,7,3,2,3.0,4.0,3.0
1887,0,42,1,3,1,106850,4.0,11,3,4.0,2,1,0,0,3,3,3.0,3.0,1.0
2514,0,48,10,4,4,98540,3.0,16,1,15.0,2,0,0,0,3,4,2.0,3.0,3.0
3771,1,27,2,5,1,137700,1.0,16,1,8.0,3,8,7,7,2,3,3.0,3.0,2.0
2593,0,45,2,1,4,44040,0.0,23,0,9.0,2,8,3,7,4,1,4.0,4.0,4.0
2942,0,33,21,2,1,42300,0.0,12,0,15.0,0,14,4,10,3,3,4.0,4.0,3.0
953,0,32,2,2,3,53630,1.0,13,0,6.0,4,6,4,1,3,4,3.0,4.0,2.0
2384,0,27,10,4,1,44010,5.0,13,0,6.0,4,2,2,0,3,3,2.0,2.0,4.0
4285,1,32,11,3,2,191900,3.0,11,1,8.0,2,4,0,3,1,3,1.0,1.0,1.0
1124,0,34,19,4,2,164130,6.0,16,0,6.0,1,4,1,2,3,2,2.0,4.0,4.0
2336,0,41,8,2,3,79450,4.0,12,1,21.0,6,7,7,7,3,4,3.0,3.0,4.0
290,0,25,14,3,1,199260,7.0,11,3,6.0,5,4,0,1,3,3,4.0,4.0,3.0
1703,0,40,7,3,1,45230,5.0,16,1,5.0,5,0,0,0,3,4,4.0,4.0,3.0
3033,0,32,1,4,5,191890,0.0,12,1,4.0,3,3,1,2,3,3,1.0,2.0,3.0
1276,0,37,1,4,2,133480,7.0,14,0,8.0,4,6,0,4,3,4,4.0,2.0,4.0
3044,0,25,1,4,2,25000,4.0,14,2,7.0,2,3,0,2,3,3,3.0,3.0,2.0
3358,0,34,2,3,4,46950,1.0,16,1,14.0,2,14,2,1,3,3,4.0,4.0,3.0
674,0,40,4,5,1,52310,1.0,12,2,21.0,4,21,7,7,3,4,4.0,3.0,4.0
1609,0,50,22,3,2,33100,4.0,22,1,8.0,3,1,0,0,4,3,4.0,1.0,2.0
2847,0,53,6,2,2,120610,2.0,20,1,30.0,2,15,6,12,4,4,2.0,1.0,3.0
4182,1,40,2,4,1,65450,4.0,5,0,22.0,2,1,0,0,1,3,2.0,3.0,2.0
4016,1,28,2,3,1,22740,3.0,15,1,5.0,5,3,1,2,3,2,2.0,3.0,1.0
512,0,59,2,4,1,40510,5.0,16,3,13.0,3,6,0,5,3,4,4.0,3.0,2.0
4227,1,44,6,3,1,63220,4.0,6,1,10.0,2,3,1,2,3,2,1.0,3.0,2.0
3921,1,24,20,2,1,25010,9.0,5,0,4.0,3,2,2,0,1,1,2.0,3.0,2.0
140,0,60,13,3,4,23390,4.0,20,0,22.0,4,18,13,11,4,3,2.0,1.0,4.0
164,0,40,1,4,2,30680,3.0,19,0,20.0,3,1,0,1,3,3,3.0,3.0,3.0
358,0,53,7,3,1,39200,6.0,16,1,22.0,3,17,15,2,3,3,4.0,4.0,3.0
1294,0,36,5,3,2,47710,4.0,13,1,16.0,2,13,1,12,3,3,2.0,2.0,2.0
1909,0,48,2,5,1,47650,8.0,12,1,10.0,4,8,7,6,3,4,3.0,4.0,3.0
2515,0,37,6,5,2,54670,4.0,12,0,13.0,2,7,6,7,3,4,2.0,2.0,3.0
493,0,46,7,1,1,141180,2.0,22,0,12.0,3,6,1,4,4,3,2.0,3.0,4.0
3072,0,28,1,2,1,176390,0.0,13,1,6.0,0,5,1,3,3,3,4.0,4.0,3.0
3252,0,33,2,4,1,25960,8.0,11,1,13.0,4,11,1,7,3,3,4.0,4.0,3.0
4073,1,50,5,2,2,167990,7.0,9,1,12.0,2,6,0,1,1,2,2.0,4.0,1.0
1241,0,51,2,3,2,56750,5.0,13,0,13.0,2,4,1,2,3,4,1.0,4.0,3.0
714,0,30,3,3,1,21210,1.0,13,1,6.0,2,6,1,1,3,3,4.0,3.0,3.0
835,0,40,2,2,1,25390,4.0,12,1,7.0,3,4,0,2,3,4,2.0,4.0,4.0
404,0,53,6,2,2,120610,2.0,20,1,30.0,2,15,6,12,4,3,4.0,4.0,4.0
1926,0,34,20,1,1,22590,1.0,14,0,8.0,2,8,7,7,3,4,3.0,4.0,4.0
4328,1,32,28,1,3,24680,0.0,3,0,4.0,2,3,1,2,3,1,4.0,1.0,3.0
3968,1,44,22,4,2,21190,9.0,10,0,24.0,3,20,3,6,2,3,2.0,1.0,1.0
1618,0,45,6,2,1,56610,3.0,12,0,26.0,2,9,1,1,3,3,2.0,4.0,3.0
3091,0,55,16,3,2,47790,0.0,14,1,4.0,6,3,1,2,3,4,4.0,2.0,4.0
3202,0,32,4,4,5,50030,0.0,13,0,10.0,5,9,1,6,3,3,4.0,4.0,4.0
3110,0,42,1,3,1,106850,4.0,11,3,4.0,2,1,0,0,3,2,4.0,4.0,3.0
2676,0,23,10,3,5,42210,1.0,11,1,5.0,4,4,0,2,3,4,4.0,4.0,3.0
3899,1,30,4,2,3,11290,9.0,12,0,3.0,2,1,0,0,3,2,3.0,1.0,1.0
2583,0,42,2,4,1,29770,4.0,15,3,8.0,3,2,2,0,3,2,4.0,3.0,4.0
3703,1,29,4,3,3,59160,6.0,9,0,5.0,2,3,0,2,3,2,3.0,3.0,2.0
3737,1,25,30,4,2,82680,1.0,4,0,7.0,3,7,5,6,2,2,3.0,1.0,1.0
552,0,50,16,2,5,154020,4.0,21,0,25.0,3,3,1,2,4,3,2.0,1.0,4.0
1234,0,49,1,1,2,35910,9.0,13,0,22.0,2,3,1,2,3,3,1.0,4.0,3.0
2202,0,35,6,2,2,32290,1.0,25,0,10.0,2,10,0,2,4,4,2.0,3.0,3.0
1093,0,33,6,3,2,112450,0.0,21,0,8.0,3,7,0,7,4,4,3.0,4.0,4.0
3754,1,19,2,2,3,98240,1.0,16,0,1.0,2,1,0,0,2,2,1.0,2.0,3.0
680,0,36,7,3,4,142750,3.0,18,1,7.0,5,3,1,2,3,3,4.0,4.0,3.0
4103,1,30,12,4,2,55620,5.0,10,0,8.0,3,5,0,4,3,2,1.0,2.0,1.0
1047,0,35,7,3,2,40840,4.0,13,1,5.0,3,3,1,2,3,4,4.0,3.0,4.0
1911,0,55,9,1,1,26930,1.0,18,0,36.0,6,36,2,13,3,4,4.0,1.0,3.0
139,0,30,8,2,3,188800,0.0,22,1,12.0,3,11,6,7,4,3,2.0,3.0,4.0
3941,1,21,1,3,2,104000,1.0,11,1,1.0,2,1,0,0,1,2,4.0,4.0,2.0
2782,0,48,1,4,1,21770,4.0,18,0,13.0,4,0,0,0,3,4,3.0,4.0,4.0
3775,1,31,24,3,1,61800,1.0,7,1,1.0,2,1,0,0,1,2,2.0,1.0,2.0
1636,0,43,20,2,3,50550,5.0,22,0,18.0,2,1,0,0,4,2,4.0,4.0,4.0
1784,0,35,1,2,2,66460,1.0,13,1,9.0,2,9,1,1,3,3,2.0,2.0,4.0
3109,0,34,20,5,1,41940,0.0,17,2,12.0,3,11,5,7,3,2,4.0,4.0,3.0
1630,0,26,2,3,2,139640,1.0,11,2,5.0,1,5,1,3,3,4,2.0,4.0,3.0
3145,0,23,6,2,3,105520,2.0,11,0,4.0,2,2,2,2,3,4,3.0,4.0,2.0
2020,0,39,2,3,2,109760,1.0,11,0,9.0,3,9,5,8,3,4,4.0,2.0,3.0
480,0,44,16,3,1,45560,2.0,13,0,6.0,4,0,0,0,3,2,4.0,3.0,4.0
4319,1,32,2,4,2,41480,7.0,13,0,10.0,0,5,0,4,1,1,3.0,1.0,3.0
1593,0,46,22,3,3,190450,6.0,11,3,13.0,2,8,0,7,3,4,2.0,2.0,4.0
54,0,32,6,3,2,24720,7.0,13,0,10.0,2,7,0,7,3,3,3.0,4.0,2.0
444,0,21,1,4,1,26100,1.0,11,1,2.0,3,2,2,2,3,4,4.0,3.0,4.0
3642,0,29,3,3,2,35390,1.0,15,0,6.0,2,6,1,5,3,3,1.0,2.0,3.0
153,0,55,1,3,1,120310,3.0,11,0,37.0,5,10,7,7,3,4,4.0,4.0,3.0
64,0,45,2,1,1,171740,9.0,14,1,12.0,6,10,9,8,3,4,4.0,4.0,3.0
3282,0,39,2,1,2,51550,2.0,18,1,7.0,3,2,2,2,3,3,2.0,4.0,3.0
1015,0,46,2,3,1,34200,3.0,13,2,22.0,3,2,2,1,3,3,4.0,3.0,4.0
2093,0,29,1,2,3,26780,1.0,25,1,1.0,3,1,0,0,4,4,4.0,3.0,3.0
3053,0,34,2,1,5,26860,5.0,11,0,10.0,3,4,1,3,3,2,3.0,4.0,3.0
4310,1,37,11,3,2,54840,4.0,9,0,7.0,4,3,0,2,1,4,1.0,3.0,2.0
4170,1,58,11,2,1,21530,9.0,9,0,3.0,3,1,0,0,2,2,4.0,4.0,3.0
3317,0,27,13,4,3,49980,0.0,13,2,8.0,3,7,7,3,4,3,2.0,4.0,3.0
2059,0,35,8,1,2,43230,2.0,18,3,15.0,3,7,1,7,3,4,4.0,3.0,4.0
558,0,55,9,3,2,83810,4.0,15,1,23.0,3,19,9,11,3,3,3.0,3.0,4.0
1896,0,24,8,2,1,23560,0.0,13,0,2.0,5,1,0,0,3,3,2.0,3.0,4.0
2832,0,42,18,4,1,23730,6.0,14,1,21.0,3,1,0,0,3,3,4.0,2.0,4.0
1990,0,53,19,3,4,133200,3.0,11,0,11.0,2,4,1,2,3,4,4.0,3.0,4.0
1119,0,32,2,2,1,21660,1.0,19,1,9.0,4,9,3,7,3,4,4.0,4.0,2.0
107,0,40,5,2,3,43320,7.0,14,2,8.0,3,5,1,3,2,2,4.0,4.0,3.0
3268,0,31,6,5,5,131200,1.0,14,2,13.0,6,12,5,7,3,3,2.0,4.0,1.0
1085,0,24,2,1,2,34070,0.0,13,1,6.0,4,5,1,2,3,4,4.0,4.0,2.0
3491,0,29,22,4,1,48410,0.0,15,0,6.0,3,5,0,4,3,2,3.0,3.0,3.0
2985,0,30,2,4,1,20960,7.0,11,3,10.0,2,8,1,7,3,4,4.0,2.0,3.0
273,0,29,8,3,1,34520,1.0,11,0,10.0,3,10,0,7,3,2,1.0,4.0,3.0
2628,0,34,10,4,1,23410,1.0,20,2,8.0,3,8,0,6,4,4,4.0,3.0,2.0
1038,0,37,3,3,4,160320,1.0,13,0,7.0,2,7,0,7,3,3,4.0,3.0,2.0
810,0,33,2,4,1,25960,8.0,14,1,13.0,4,11,1,7,3,3,2.0,4.0,2.0
1213,0,31,1,3,3,20440,0.0,21,0,10.0,2,9,7,8,4,3,4.0,3.0,3.0
4116,1,26,10,3,2,157870,1.0,11,2,8.0,5,8,7,4,1,2,2.0,3.0,2.0
3987,1,24,34,4,3,28860,1.0,14,1,1.0,5,1,0,0,2,4,3.0,2.0,1.0
2028,0,29,6,4,1,23770,8.0,21,1,10.0,2,3,0,2,4,4,2.0,4.0,4.0
4078,1,34,18,2,2,84630,2.0,9,0,8.0,2,4,1,3,2,4,3.0,2.0,2.0
1942,0,39,5,2,3,106090,2.0,17,1,10.0,2,7,7,7,3,3,2.0,1.0,4.0
2802,0,35,1,2,2,109380,6.0,14,2,12.0,2,10,0,8,3,3,3.0,4.0,2.0
3668,1,34,6,3,2,137440,0.0,16,1,3.0,3,2,1,0,4,3,3.0,1.0,2.0
275,0,42,12,1,2,46680,9.0,18,2,8.0,2,4,0,2,3,3,4.0,4.0,4.0
3261,0,33,11,3,1,108200,5.0,19,0,11.0,2,9,1,7,3,4,2.0,4.0,3.0
260,0,37,2,4,2,61720,0.0,11,0,6.0,1,5,4,3,3,3,3.0,4.0,3.0
593,0,43,2,2,1,78610,1.0,14,2,20.0,1,20,1,8,3,2,4.0,3.0,4.0
2976,0,28,2,3,1,55770,0.0,19,0,5.0,3,4,0,2,3,3,2.0,4.0,3.0
2969,0,26,7,3,2,68110,1.0,11,1,8.0,4,8,2,2,3,3,2.0,4.0,3.0
1218,0,28,1,3,1,25920,1.0,14,0,5.0,2,5,0,4,3,4,4.0,3.0,4.0
3171,0,39,2,4,1,72640,0.0,17,0,11.0,5,10,0,7,3,4,4.0,4.0,4.0
3489,0,35,7,3,2,40840,4.0,11,1,5.0,3,3,1,2,3,1,4.0,4.0,4.0
1444,0,36,8,4,2,41520,9.0,19,1,10.0,3,8,0,5,3,2,4.0,4.0,4.0
1916,0,36,1,3,1,23770,6.0,13,2,15.0,3,1,0,0,3,4,3.0,4.0,3.0
954,0,40,1,4,2,50710,8.0,17,1,8.0,3,1,0,0,3,4,3.0,2.0,3.0
1935,0,30,3,3,1,21210,1.0,13,1,6.0,2,6,1,1,3,2,4.0,4.0,3.0
3289,0,58,2,4,1,23760,4.0,14,1,37.0,3,16,14,14,3,3,2.0,3.0,4.0
3659,1,33,34,2,5,55610,1.0,12,1,1.0,3,1,0,0,4,2,3.0,2.0,2.0
2981,0,43,6,2,1,195020,3.0,18,2,23.0,3,21,15,17,3,3,4.0,4.0,3.0
2553,0,56,16,4,3,53210,9.0,14,0,36.0,1,7,7,7,3,4,2.0,4.0,4.0
2530,0,27,2,3,1,23670,1.0,12,1,5.0,2,5,0,4,3,4,4.0,2.0,4.0
4071,1,29,11,4,2,29960,9.0,16,0,4.0,4,2,2,2,2,3,4.0,2.0,2.0
1575,0,53,7,3,1,39200,6.0,16,1,22.0,3,17,15,2,3,4,4.0,3.0,3.0
3003,0,56,2,2,3,26910,6.0,16,1,36.0,6,7,7,7,3,1,1.0,4.0,2.0
3002,0,55,9,3,2,83810,4.0,15,1,23.0,3,19,9,11,3,3,4.0,4.0,4.0
705,0,34,20,1,1,22590,1.0,14,0,8.0,2,8,7,7,3,4,4.0,4.0,4.0
3141,0,35,10,2,2,23180,3.0,19,0,10.0,4,5,0,4,3,3,3.0,4.0,4.0
4199,1,44,22,4,2,21190,9.0,7,0,24.0,3,20,3,6,2,3,1.0,4.0,3.0
817,0,42,1,3,1,174650,8.0,13,1,7.0,3,5,0,4,3,4,4.0,4.0,3.0
1379,0,37,6,1,1,41930,4.0,16,1,12.0,5,6,1,2,3,2,3.0,2.0,4.0
2461,0,37,7,1,1,15140,1.0,14,0,4.0,3,4,1,2,3,2,3.0,3.0,4.0
117,0,31,19,1,3,44400,1.0,13,1,4.0,2,4,3,2,3,3,4.0,3.0,3.0
4097,1,19,10,2,2,159720,1.0,20,0,1.0,2,1,1,0,3,2,4.0,3.0,2.0
1543,0,29,4,4,4,66730,6.0,12,1,8.0,2,4,0,3,3,4,4.0,3.0,2.0
3052,0,31,1,3,1,168560,3.0,12,1,9.0,3,3,1,0,3,3,2.0,3.0,3.0
1421,0,35,2,1,1,187400,1.0,19,1,1.0,2,1,0,0,3,3,4.0,3.0,4.0
4315,1,31,2,4,3,21410,4.0,13,0,12.0,2,7,7,7,3,2,1.0,3.0,2.0
547,0,58,22,3,2,21870,1.0,18,1,2.0,1,2,2,2,3,4,2.0,4.0,4.0
670,0,45,2,3,3,35800,4.0,20,1,8.0,1,5,0,3,4,2,3.0,1.0,4.0
3158,0,30,3,3,1,21210,1.0,13,1,6.0,2,6,1,1,3,3,4.0,4.0,3.0
211,0,23,2,3,1,76370,2.0,11,1,5.0,3,3,0,2,3,2,4.0,2.0,3.0
1528,0,24,2,5,2,187220,0.0,22,1,6.0,3,5,3,4,4,3,4.0,3.0,4.0
74,0,23,16,4,1,53990,1.0,23,0,4.0,2,4,0,2,4,4,4.0,4.0,3.0
1774,0,30,5,4,1,30410,1.0,11,1,9.0,2,9,0,8,3,4,4.0,2.0,4.0
2040,0,33,11,3,1,108200,5.0,12,0,11.0,2,9,1,7,3,3,3.0,4.0,4.0
456,0,28,5,4,1,52530,1.0,15,0,3.0,2,3,0,2,3,3,3.0,2.0,3.0
3309,0,28,6,3,1,89660,1.0,11,1,3.0,3,3,2,2,3,3,3.0,3.0,3.0
108,0,37,7,1,3,44400,2.0,11,1,18.0,3,1,0,1,3,4,4.0,3.0,4.0
2060,0,38,5,4,3,73360,5.0,11,0,13.0,3,11,3,8,3,3,4.0,3.0,2.0
1726,0,54,7,2,2,29830,7.0,14,1,33.0,2,5,1,4,3,4,4.0,4.0,2.0
2820,0,18,4,4,2,32300,1.0,12,1,0.0,3,0,0,0,3,3,2.0,4.0,3.0
2005,0,45,2,3,2,83960,3.0,15,2,25.0,3,23,14,4,3,2,3.0,3.0,3.0
1793,0,51,3,1,3,40280,3.0,14,0,29.0,3,5,0,3,3,3,4.0,4.0,3.0
2622,0,42,22,4,2,26450,1.0,15,0,10.0,5,10,2,2,3,3,3.0,3.0,4.0
3847,1,39,1,4,1,36730,3.0,9,1,19.0,3,1,0,0,1,3,4.0,3.0,2.0
1470,0,29,8,2,3,169590,4.0,14,3,11.0,5,8,1,1,3,2,2.0,3.0,2.0
3154,0,22,14,2,3,97050,1.0,18,2,4.0,3,4,1,3,3,3,1.0,2.0,3.0
2472,0,32,2,3,2,27060,1.0,21,1,13.0,4,13,4,8,4,3,4.0,3.0,4.0
2660,0,47,2,3,5,50210,2.0,17,0,20.0,3,7,1,7,3,3,2.0,2.0,2.0
4235,1,29,4,2,2,68110,0.0,12,1,9.0,2,8,7,7,3,4,3.0,2.0,2.0
2895,0,42,17,2,1,22010,4.0,12,1,16.0,3,1,0,0,3,3,4.0,2.0,3.0
1580,0,47,6,4,3,69310,1.0,11,0,20.0,3,19,2,7,3,2,2.0,3.0,3.0
2901,0,27,5,2,1,42600,1.0,11,2,4.0,2,4,2,2,3,3,4.0,2.0,4.0
1653,0,45,1,3,2,125040,1.0,12,1,15.0,2,15,4,12,3,4,2.0,2.0,3.0
3657,1,29,35,3,1,23070,1.0,7,1,7.0,0,7,0,7,2,2,3.0,1.0,3.0
1020,0,35,2,4,3,104660,1.0,13,0,2.0,1,2,2,2,3,3,3.0,3.0,3.0
1353,0,35,12,2,2,54060,0.0,12,1,6.0,2,5,4,3,3,3,4.0,4.0,4.0
4155,1,33,1,2,3,28710,1.0,10,3,10.0,2,10,7,8,1,3,4.0,3.0,2.0
2393,0,27,14,2,1,65160,1.0,19,1,7.0,4,7,0,7,3,2,4.0,4.0,3.0
141,0,47,1,3,5,135700,5.0,16,2,20.0,2,5,0,4,3,2,3.0,2.0,2.0
4240,1,31,2,3,2,25720,1.0,9,3,10.0,3,10,4,7,3,1,2.0,2.0,3.0
2253,0,35,6,4,3,38380,1.0,16,1,1.0,2,1,0,1,3,2,3.0,4.0,3.0
2644,0,27,7,3,5,59930,0.0,14,1,5.0,3,4,1,1,3,3,2.0,3.0,2.0
842,0,41,1,1,3,25150,0.0,18,0,23.0,2,22,13,5,3,3,3.0,4.0,3.0
1075,0,44,18,2,1,195860,4.0,16,0,17.0,3,3,1,2,3,2,3.0,4.0,3.0
1867,0,30,1,2,3,102210,0.0,19,1,6.0,2,5,1,3,3,1,3.0,3.0,3.0
800,0,32,5,3,1,36600,3.0,11,2,10.0,0,4,0,2,3,4,3.0,2.0,4.0
1277,0,38,22,4,1,65830,0.0,12,0,12.0,1,11,2,9,3,3,3.0,3.0,4.0
1126,0,27,2,3,1,27830,6.0,16,1,6.0,2,2,2,2,3,2,4.0,3.0,3.0
1348,0,50,8,4,3,47870,0.0,12,0,28.0,3,27,15,7,3,3,4.0,3.0,3.0
3583,0,46,8,3,2,153790,1.0,11,0,24.0,1,24,15,7,3,3,4.0,4.0,3.0
2431,0,51,5,2,1,131160,1.0,11,0,1.0,6,1,0,0,3,3,4.0,4.0,4.0
2772,0,47,2,3,2,99810,1.0,21,1,3.0,3,3,1,2,4,2,3.0,2.0,3.0
2002,0,41,5,4,1,28210,1.0,17,0,10.0,3,10,8,7,3,1,4.0,2.0,3.0
959,0,37,1,3,4,54290,1.0,17,1,16.0,3,16,6,8,3,2,4.0,3.0,3.0
2175,0,33,2,4,3,16110,0.0,14,0,10.0,2,9,8,1,3,4,4.0,3.0,4.0
3348,0,39,1,3,1,105120,1.0,13,1,10.0,2,10,7,9,3,4,2.0,4.0,4.0
344,0,38,5,3,2,87890,1.0,11,3,15.0,4,15,5,11,3,4,1.0,3.0,2.0
1435,0,32,1,3,2,136640,3.0,14,0,10.0,6,7,7,7,3,3,3.0,4.0,3.0
3428,0,39,20,3,2,197010,0.0,12,0,21.0,3,20,9,6,3,3,2.0,4.0,3.0
420,0,30,6,3,1,183000,0.0,14,0,7.0,6,6,0,2,3,4,2.0,4.0,4.0
2774,0,27,1,3,1,20580,1.0,14,1,1.0,5,1,0,0,3,4,4.0,4.0,4.0
3123,0,32,18,4,1,29730,3.0,22,0,12.0,0,7,2,5,4,4,2.0,4.0,1.0
34,0,18,6,3,1,38120,1.0,15,0,0.0,3,0,0,0,3,4,3.0,4.0,4.0
331,0,47,2,3,2,99810,1.0,21,1,3.0,3,3,1,2,4,3,3.0,3.0,3.0
4276,1,29,10,2,1,28530,4.0,5,1,4.0,5,2,2,0,1,2,3.0,4.0,2.0
1393,0,34,5,2,4,102480,1.0,12,1,6.0,4,6,1,3,3,3,4.0,3.0,4.0
3636,0,31,6,4,1,24370,9.0,13,1,9.0,3,2,2,2,3,2,3.0,1.0,2.0
3329,0,40,2,3,1,68330,2.0,13,0,22.0,3,19,11,16,3,3,4.0,3.0,3.0
1796,0,27,21,4,1,46470,3.0,17,0,8.0,3,6,0,0,3,3,2.0,4.0,2.0
3206,0,47,1,4,3,183030,6.0,22,1,29.0,2,3,1,2,4,4,2.0,4.0,4.0
2857,0,56,1,2,2,52280,2.0,11,0,18.0,4,5,0,3,3,2,4.0,2.0,4.0
3577,0,27,4,4,2,47350,0.0,18,0,6.0,2,5,1,1,3,3,3.0,4.0,4.0
2746,0,36,11,3,2,39290,0.0,24,0,6.0,6,5,0,3,4,3,1.0,4.0,3.0
936,0,40,17,3,3,197170,1.0,21,0,10.0,1,10,9,4,4,3,4.0,3.0,3.0
318,0,37,10,4,3,35640,5.0,11,0,10.0,1,5,0,0,3,4,4.0,4.0,2.0
4007,1,29,4,2,2,68110,0.0,8,1,9.0,2,8,7,7,3,2,2.0,1.0,3.0
2907,0,24,6,4,1,25760,8.0,17,3,6.0,3,4,1,2,3,4,1.0,3.0,4.0
751,0,36,6,4,4,103880,0.0,14,0,4.0,2,3,1,2,3,2,3.0,4.0,3.0
2016,0,47,2,2,2,39550,7.0,12,1,4.0,5,1,0,0,3,1,2.0,3.0,2.0
563,0,41,1,4,2,55610,0.0,11,0,10.0,2,9,1,7,3,4,4.0,4.0,4.0
1415,0,29,2,3,1,41570,1.0,17,3,6.0,2,6,1,2,3,4,2.0,3.0,4.0
1727,0,44,3,4,5,76320,1.0,21,0,10.0,3,10,7,7,4,4,3.0,4.0,3.0
2032,0,49,2,4,1,47280,3.0,11,1,8.0,4,5,0,4,3,4,4.0,1.0,2.0
2590,0,39,10,1,1,99910,1.0,16,1,8.0,3,8,0,7,3,3,4.0,2.0,4.0
347,0,26,9,3,2,22670,1.0,19,3,7.0,2,7,0,7,3,2,2.0,3.0,3.0
1165,0,22,1,3,4,129360,1.0,11,2,4.0,3,4,2,2,3,4,3.0,3.0,3.0
2873,0,37,6,4,4,71430,2.0,21,0,8.0,6,1,0,0,4,4,3.0,4.0,4.0
750,0,49,5,2,2,107390,2.0,11,3,30.0,3,15,2,12,3,4,3.0,3.0,3.0
3705,1,58,11,2,1,21530,9.0,5,0,3.0,3,1,0,0,3,1,2.0,3.0,2.0
1557,0,49,20,2,2,43450,4.0,15,0,29.0,3,26,1,7,3,4,3.0,4.0,4.0
1826,0,36,1,3,2,53090,3.0,13,0,15.0,5,5,0,1,3,2,1.0,4.0,4.0
66,0,29,6,3,3,25870,0.0,22,2,4.0,3,3,2,2,4,3,3.0,4.0,3.0
3930,1,29,2,4,4,106500,1.0,6,2,1.0,2,1,0,0,3,3,2.0,2.0,2.0
3371,0,38,2,5,4,84460,0.0,15,0,7.0,3,6,1,2,3,4,1.0,4.0,4.0
839,0,39,2,1,2,51550,2.0,18,1,7.0,3,2,2,2,3,4,3.0,3.0,3.0
1306,0,49,2,3,2,52040,8.0,14,1,26.0,3,5,0,0,3,2,3.0,2.0,3.0
1709,0,36,7,2,2,119350,1.0,11,3,7.0,6,7,1,7,3,2,3.0,4.0,4.0
2174,0,35,7,3,2,131420,1.0,25,2,10.0,4,10,0,8,4,4,4.0,4.0,4.0
2858,0,36,3,2,2,44780,0.0,18,1,15.0,3,14,7,8,3,3,4.0,4.0,4.0
304,0,42,10,4,2,22880,5.0,16,1,8.0,4,2,2,2,3,3,4.0,4.0,3.0
3023,0,40,2,3,2,45770,5.0,11,1,15.0,3,12,11,8,3,3,3.0,1.0,4.0
2423,0,45,17,1,3,22890,4.0,13,0,9.0,3,3,0,2,3,3,3.0,4.0,2.0
3697,1,58,29,3,2,43170,7.0,11,0,40.0,2,31,13,8,1,2,3.0,1.0,1.0
826,0,51,1,4,1,40330,2.0,14,0,15.0,2,2,2,2,3,3,2.0,2.0,4.0
3982,1,28,18,4,2,41970,1.0,9,0,1.0,3,1,0,0,3,3,3.0,4.0,1.0
2438,0,25,6,4,4,134640,1.0,13,1,6.0,2,6,1,5,3,3,2.0,4.0,4.0
3099,0,33,12,4,1,62010,2.0,15,3,14.0,2,0,0,0,3,3,1.0,4.0,3.0
1827,0,30,2,3,3,51210,7.0,13,0,8.0,4,3,0,2,3,4,4.0,2.0,4.0
3453,0,24,1,5,3,93800,0.0,11,0,5.0,2,4,1,3,3,4,1.0,4.0,2.0
1452,0,39,2,4,4,138720,9.0,12,3,12.0,3,8,3,6,3,3,4.0,1.0,4.0
1192,0,32,2,4,4,21090,0.0,13,1,4.0,3,3,2,2,3,3,4.0,4.0,4.0
831,0,33,6,5,2,82240,6.0,19,0,14.0,3,10,7,6,3,4,4.0,4.0,4.0
1472,0,54,14,4,2,49630,9.0,15,1,9.0,2,5,1,4,3,3,4.0,2.0,3.0
1544,0,44,21,2,2,76390,1.0,14,0,8.0,6,8,7,1,3,2,2.0,4.0,4.0
3296,0,38,15,3,2,64740,2.0,12,2,20.0,3,4,0,3,3,4,1.0,4.0,3.0
2585,0,48,5,3,1,108540,2.0,14,1,14.0,6,9,6,7,2,3,3.0,3.0,4.0
3225,0,41,5,4,1,28210,1.0,17,0,10.0,3,10,8,7,3,3,3.0,3.0,2.0
3418,0,35,13,3,2,23940,1.0,22,1,9.0,3,9,1,7,3,3,4.0,4.0,2.0
2995,0,28,1,3,5,56790,0.0,13,0,10.0,2,9,7,5,3,3,4.0,4.0,3.0
2814,0,47,14,4,2,55820,1.0,16,0,9.0,3,9,0,7,3,4,3.0,1.0,4.0
3281,0,38,5,4,3,73360,5.0,18,0,13.0,3,11,3,8,3,3,4.0,4.0,3.0
2556,0,28,6,3,3,119570,1.0,13,0,10.0,2,10,1,8,3,3,4.0,4.0,3.0
4303,1,50,14,4,1,49000,1.0,3,0,3.0,3,3,0,2,1,3,2.0,1.0,4.0
2443,0,37,1,3,2,53460,4.0,11,0,7.0,2,5,0,1,3,4,4.0,2.0,2.0
4112,1,28,13,2,2,58130,2.0,10,1,5.0,2,0,0,0,4,3,1.0,1.0,2.0
3460,0,33,2,3,1,43730,4.0,21,0,7.0,3,1,0,0,3,4,3.0,4.0,3.0
2362,0,56,3,3,4,25870,4.0,12,0,19.0,2,2,2,2,3,3,4.0,4.0,3.0
2911,0,35,14,5,2,65380,2.0,16,1,15.0,3,7,6,4,3,3,4.0,4.0,3.0
3716,1,58,11,2,4,59570,4.0,12,1,7.0,2,1,0,0,2,2,1.0,2.0,1.0
2397,0,54,6,2,2,61340,2.0,19,0,16.0,2,6,0,5,3,2,3.0,4.0,3.0
1254,0,39,1,4,1,196650,1.0,22,1,21.0,6,21,11,10,4,2,2.0,4.0,4.0
2179,0,39,3,4,1,134020,7.0,14,1,18.0,1,7,1,7,3,3,2.0,3.0,4.0
1428,0,37,13,3,3,33880,3.0,11,0,4.0,2,1,0,0,3,4,3.0,3.0,3.0
4251,1,53,23,3,2,25590,0.0,20,0,34.0,2,33,1,9,2,2,1.0,1.0,2.0
1591,0,50,1,3,2,134960,3.0,18,1,22.0,3,12,1,5,3,2,1.0,4.0,3.0
1655,0,38,5,2,1,47360,0.0,11,1,9.0,3,8,2,7,3,3,2.0,4.0,4.0
1750,0,51,11,3,2,105270,4.0,14,0,31.0,3,29,11,10,3,1,1.0,2.0,4.0
3143,0,29,4,1,1,62440,1.0,22,0,6.0,3,6,1,3,4,4,2.0,4.0,4.0
1751,0,59,3,2,2,165950,6.0,21,1,25.0,2,9,5,4,4,3,4.0,4.0,3.0
1318,0,43,8,2,1,46170,1.0,11,0,25.0,2,25,3,9,3,4,4.0,4.0,4.0
4025,1,35,2,3,1,25320,1.0,6,0,1.0,2,1,0,0,1,2,1.0,1.0,1.0
1534,0,35,1,3,3,167920,3.0,12,1,16.0,3,13,4,8,3,3,1.0,3.0,4.0
168,0,34,21,3,1,52370,1.0,19,1,10.0,3,10,5,7,2,4,3.0,3.0,4.0
3585,0,31,2,5,2,27280,8.0,11,0,7.0,3,4,0,2,3,3,4.0,3.0,4.0
2338,0,19,1,3,5,152020,1.0,18,3,1.0,2,1,0,0,3,3,4.0,4.0,3.0
778,0,35,10,3,3,20420,0.0,16,0,6.0,2,5,1,4,3,3,2.0,2.0,3.0
2947,0,35,1,1,2,136100,4.0,22,2,16.0,4,13,4,12,4,4,4.0,3.0,3.0
2531,0,28,2,2,3,28580,1.0,12,0,7.0,2,7,0,7,3,3,1.0,4.0,3.0
1063,0,23,8,3,2,64390,3.0,22,3,3.0,2,0,0,0,4,3,3.0,4.0,4.0
1292,0,42,2,2,1,21330,3.0,13,2,14.0,2,1,0,0,3,4,4.0,4.0,3.0
3644,0,29,2,4,1,26790,2.0,14,0,10.0,2,3,0,2,3,4,4.0,4.0,2.0
1680,0,40,2,4,4,75960,9.0,11,0,20.0,0,18,2,13,3,4,4.0,4.0,3.0
3863,1,31,18,1,2,40660,3.0,19,0,4.0,2,2,2,2,2,2,1.0,2.0,3.0
1927,0,40,1,4,2,69320,1.0,13,0,5.0,5,5,1,2,3,4,2.0,4.0,3.0
3511,0,46,10,1,1,20740,2.0,25,1,21.0,3,10,9,5,3,3,4.0,4.0,4.0
2619,0,27,18,4,1,22060,0.0,14,1,6.0,4,5,0,3,3,4,2.0,2.0,3.0
21,0,26,7,3,1,162910,1.0,22,0,5.0,3,5,3,3,4,2,3.0,4.0,3.0
1454,0,40,7,3,2,20730,0.0,14,0,5.0,3,4,2,3,3,3,4.0,4.0,2.0
1574,0,52,4,4,1,29110,2.0,17,2,26.0,3,9,7,8,3,2,1.0,1.0,3.0
3265,0,43,13,2,1,67820,0.0,12,1,10.0,2,9,1,8,3,3,4.0,4.0,3.0
39,0,32,2,3,2,27060,1.0,21,1,13.0,4,13,4,8,4,3,4.0,2.0,2.0
48,0,43,6,4,4,24390,0.0,15,0,9.0,2,8,1,7,3,3,4.0,3.0,4.0
3728,1,36,8,2,1,56600,7.0,3,0,9.0,3,1,0,0,3,4,1.0,2.0,1.0
2892,0,49,2,2,1,63800,6.0,23,1,22.0,1,9,2,3,4,3,1.0,3.0,3.0
3562,0,29,8,4,3,58690,1.0,11,1,10.0,6,10,0,9,3,3,4.0,4.0,3.0
3722,1,20,2,2,2,63970,1.0,15,1,1.0,3,1,0,0,1,3,4.0,3.0,2.0
348,0,41,1,4,1,195170,2.0,13,0,20.0,5,18,2,17,3,3,4.0,2.0,1.0
3322,0,31,2,4,5,103770,1.0,14,0,10.0,2,10,0,2,3,3,3.0,3.0,4.0
3445,0,29,23,4,2,21270,0.0,15,1,10.0,3,9,0,8,3,3,4.0,2.0,3.0
1833,0,47,18,4,2,62740,7.0,14,2,17.0,0,6,1,2,3,4,2.0,1.0,4.0
2718,0,30,6,3,2,14830,5.0,13,0,12.0,3,0,0,0,3,4,4.0,4.0,4.0
4072,1,56,12,4,2,40780,8.0,17,1,14.0,3,10,9,8,4,3,4.0,3.0,1.0
1932,0,50,2,3,2,42940,2.0,20,0,32.0,2,30,12,13,4,4,4.0,2.0,2.0
3344,0,27,2,2,2,135770,1.0,12,1,6.0,2,5,1,2,3,4,2.0,4.0,3.0
836,0,42,6,4,2,57140,5.0,11,0,10.0,2,0,0,0,3,2,4.0,4.0,4.0
3503,0,34,6,2,1,58780,1.0,22,0,5.0,1,5,1,3,3,2,4.0,3.0,4.0
3157,0,44,8,3,3,25190,0.0,21,2,23.0,2,22,1,10,4,4,4.0,3.0,3.0
1786,0,38,2,4,1,107250,3.0,18,0,11.0,5,7,1,7,3,3,4.0,4.0,4.0
268,0,52,23,3,2,29420,8.0,11,1,9.0,1,5,1,4,1,4,4.0,4.0,4.0
658,0,54,8,3,4,37610,3.0,12,0,26.0,3,14,1,12,3,3,3.0,4.0,3.0
1409,0,32,1,1,1,30220,1.0,16,1,6.0,3,6,0,5,3,4,1.0,4.0,4.0
2727,0,34,2,5,4,23230,0.0,17,0,4.0,2,3,0,2,3,4,2.0,2.0,3.0
2200,0,45,19,3,1,36290,8.0,16,1,8.0,2,5,0,1,3,3,3.0,4.0,3.0
1657,0,28,1,3,4,67810,0.0,15,1,10.0,2,9,1,7,3,2,4.0,3.0,3.0
4242,1,34,8,4,2,26940,1.0,7,1,2.0,3,2,2,2,2,2,1.0,2.0,3.0
564,0,35,1,2,2,66460,1.0,13,1,9.0,2,9,1,1,3,4,4.0,2.0,2.0
2794,0,33,1,4,4,44650,0.0,13,0,6.0,3,5,1,4,3,3,3.0,3.0,3.0
1597,0,54,18,3,1,136030,8.0,13,1,22.0,2,10,0,8,3,3,4.0,4.0,3.0
1962,0,36,18,3,3,21320,4.0,20,0,9.0,1,3,0,2,4,4,2.0,3.0,4.0
986,0,26,9,4,2,92780,0.0,20,0,5.0,3,4,0,0,4,4,1.0,4.0,3.0
81,0,48,10,4,4,98540,3.0,16,1,15.0,2,0,0,0,3,3,4.0,4.0,3.0
854,0,26,6,3,1,30330,1.0,12,0,5.0,2,5,1,2,3,2,4.0,4.0,4.0
2308,0,54,7,3,1,196130,2.0,17,0,23.0,5,5,4,4,3,4,2.0,4.0,3.0
2166,0,38,15,3,2,68930,0.0,17,0,16.0,3,15,5,8,3,3,4.0,4.0,4.0
1764,0,25,14,2,1,36220,1.0,25,0,2.0,0,2,2,1,4,3,3.0,2.0,3.0
1946,0,21,2,1,1,170990,1.0,14,1,3.0,2,2,2,2,3,3,2.0,4.0,3.0
4166,1,26,26,4,1,20240,1.0,15,0,8.0,2,8,1,7,3,3,3.0,2.0,3.0
1221,0,37,1,3,2,41270,2.0,13,1,15.0,2,5,0,2,3,3,4.0,4.0,3.0
4146,1,31,11,1,1,189470,2.0,6,2,9.0,2,3,1,2,1,2,1.0,3.0,2.0
1666,0,28,2,4,1,93550,0.0,11,0,6.0,4,5,0,4,3,4,2.0,4.0,4.0
896,0,45,6,4,2,29940,4.0,18,1,12.0,2,4,0,3,3,3,3.0,4.0,4.0
1901,0,36,7,3,4,142750,3.0,18,1,7.0,5,3,1,2,3,3,4.0,3.0,4.0
780,0,24,5,3,3,10520,1.0,13,0,5.0,3,5,0,4,3,2,4.0,4.0,4.0
1372,0,33,13,3,1,20900,4.0,16,0,10.0,2,6,0,5,3,4,4.0,3.0,4.0
1319,0,40,5,2,1,26470,6.0,13,0,20.0,2,1,0,0,3,4,3.0,3.0,4.0
1978,0,32,4,4,5,50030,0.0,13,0,10.0,5,9,1,6,3,2,4.0,3.0,3.0
791,0,24,2,3,1,14160,1.0,15,1,6.0,3,6,1,2,3,3,3.0,2.0,2.0
3712,1,19,18,3,2,160640,1.0,9,1,1.0,3,1,0,0,3,4,4.0,1.0,1.0
2654,0,34,14,1,1,27030,1.0,21,1,9.0,2,8,7,7,4,3,2.0,2.0,3.0
2478,0,31,13,4,2,28040,0.0,19,2,3.0,0,2,2,2,3,4,2.0,2.0,3.0
877,0,28,23,2,2,68520,1.0,18,1,1.0,2,1,0,0,3,3,3.0,3.0,3.0
106,0,37,8,1,1,133410,1.0,14,1,18.0,3,18,12,17,2,3,4.0,4.0,4.0
3532,0,36,1,3,2,175670,5.0,24,0,7.0,6,1,0,0,3,2,2.0,4.0,3.0
4179,1,36,12,3,3,22320,1.0,6,1,16.0,2,16,3,7,1,2,2.0,2.0,2.0
3096,0,49,4,4,1,34240,4.0,11,0,10.0,3,3,1,2,3,4,4.0,4.0,3.0
212,0,25,9,3,2,100960,0.0,11,1,4.0,3,3,1,2,3,4,2.0,2.0,3.0
3640,0,45,17,1,3,22890,4.0,18,0,9.0,3,3,0,2,3,3,4.0,2.0,2.0
1624,0,34,2,2,1,64100,1.0,13,1,1.0,5,1,0,0,3,3,2.0,4.0,3.0
3430,0,26,9,4,2,92780,0.0,12,0,5.0,3,4,0,0,4,3,2.0,4.0,3.0
215,0,48,13,3,1,97240,3.0,13,0,12.0,2,2,2,2,3,4,3.0,2.0,3.0
1091,0,43,2,4,1,24080,1.0,12,1,25.0,3,25,4,12,3,4,4.0,4.0,3.0
3104,0,46,3,2,3,138260,8.0,11,0,23.0,1,13,5,1,3,4,2.0,4.0,4.0
1466,0,34,10,3,1,45050,1.0,12,0,6.0,3,6,1,4,3,3,2.0,2.0,3.0
923,0,32,6,1,2,46270,8.0,17,1,8.0,2,1,0,0,3,3,4.0,2.0,4.0
418,0,46,10,3,3,89430,8.0,12,1,19.0,6,16,1,7,3,3,4.0,2.0,4.0
3349,0,38,3,2,1,44440,1.0,21,0,20.0,2,20,0,7,3,4,4.0,4.0,4.0
3020,0,27,21,4,1,46470,3.0,17,0,8.0,3,6,0,0,3,3,3.0,4.0,3.0
898,0,28,6,3,4,11180,1.0,11,0,7.0,3,7,0,7,3,3,2.0,3.0,3.0
1667,0,35,7,2,1,104960,1.0,13,1,5.0,2,5,0,2,3,3,4.0,3.0,1.0
1340,0,42,14,4,4,132060,0.0,13,2,7.0,2,6,0,4,3,3,3.0,3.0,4.0
1149,0,55,5,1,2,26550,8.0,17,0,36.0,0,24,2,15,3,3,4.0,4.0,1.0
861,0,29,5,2,1,41150,1.0,11,0,11.0,1,11,3,10,3,3,3.0,2.0,3.0
3016,0,27,2,3,2,48510,8.0,18,0,5.0,2,1,0,0,3,3,2.0,3.0,2.0
2319,0,26,14,3,2,57690,1.0,19,0,5.0,4,5,4,3,3,3,3.0,2.0,2.0
3544,0,36,20,1,2,31170,6.0,14,1,7.0,2,3,0,1,4,4,3.0,3.0,2.0
2479,0,33,7,3,4,193920,6.0,12,1,12.0,3,10,8,8,3,3,2.0,4.0,2.0
2771,0,36,21,4,1,84740,0.0,14,0,17.0,3,16,4,11,3,4,4.0,4.0,4.0
3014,0,36,13,2,1,12810,2.0,11,0,17.0,2,15,6,13,3,4,4.0,3.0,3.0
2633,0,32,1,1,1,30220,1.0,16,1,6.0,3,6,0,5,2,3,4.0,2.0,4.0
4281,1,22,19,2,2,35790,1.0,13,3,1.0,3,1,0,0,1,2,4.0,4.0,2.0
740,0,27,6,3,1,28110,2.0,20,0,6.0,3,4,1,2,4,3,1.0,4.0,3.0
2813,0,45,2,3,1,66440,1.0,12,0,9.0,3,9,0,8,3,3,4.0,3.0,4.0
2795,0,45,6,1,2,33190,1.0,12,1,9.0,3,9,0,8,3,3,2.0,3.0,4.0
3449,0,32,18,3,2,74460,0.0,16,0,7.0,3,6,0,5,3,3,2.0,4.0,2.0
1001,0,29,23,4,2,21270,0.0,11,1,10.0,3,9,0,8,3,3,3.0,4.0,3.0
1870,0,47,6,4,2,23660,3.0,17,0,11.0,5,5,1,2,3,4,4.0,4.0,2.0
4181,1,58,11,2,4,59570,4.0,11,1,7.0,2,1,0,0,2,2,2.0,2.0,2.0
3390,0,42,5,3,2,100080,6.0,17,1,9.0,3,4,1,2,3,3,3.0,4.0,4.0
395,0,44,13,3,1,80200,3.0,11,1,23.0,2,12,11,11,3,3,4.0,2.0,3.0
868,0,42,2,4,2,45390,4.0,17,1,8.0,5,0,0,0,3,3,3.0,3.0,4.0
754,0,43,2,4,1,24220,1.0,11,1,14.0,2,14,6,11,3,3,2.0,1.0,2.0
2051,0,36,22,3,4,50560,7.0,12,0,15.0,2,12,5,7,3,3,3.0,4.0,3.0
3164,0,49,1,4,3,69490,1.0,14,1,10.0,2,9,1,4,3,4,4.0,3.0,3.0
1129,0,27,2,3,1,139660,1.0,19,0,1.0,1,1,0,1,3,3,4.0,3.0,3.0
3699,1,49,8,2,2,89980,1.0,8,2,9.0,2,9,7,7,3,2,2.0,2.0,2.0
447,0,31,6,3,1,52580,0.0,14,3,3.0,5,2,2,2,3,3,4.0,3.0,3.0
9,0,36,22,1,1,33770,0.0,12,2,16.0,2,15,10,11,1,4,3.0,4.0,3.0
3508,0,40,5,3,1,60770,1.0,12,2,22.0,2,22,11,11,3,1,4.0,4.0,4.0
264,0,40,8,4,2,65670,1.0,13,1,8.0,3,8,3,7,3,4,3.0,3.0,2.0
1125,0,22,2,3,1,132690,1.0,25,1,2.0,2,2,2,2,4,3,4.0,4.0,2.0
372,0,45,2,3,1,66440,1.0,12,0,9.0,3,9,0,8,3,3,4.0,4.0,3.0
3175,0,39,2,3,2,131940,0.0,11,0,10.0,2,9,3,8,3,3,3.0,4.0,3.0
3300,0,45,1,4,1,170480,4.0,11,0,10.0,3,8,5,7,3,3,4.0,3.0,3.0
1145,0,50,15,4,3,31950,2.0,11,0,5.0,4,3,0,2,3,4,2.0,3.0,4.0
2105,0,35,2,1,2,18590,0.0,25,1,4.0,2,3,0,2,4,4,4.0,4.0,4.0
1412,0,34,1,5,1,53810,1.0,12,0,10.0,0,10,8,8,3,4,3.0,2.0,3.0
4134,1,19,5,3,1,76440,1.0,10,2,1.0,2,1,0,0,3,1,2.0,2.0,3.0
1583,0,33,2,2,2,34790,3.0,12,0,5.0,3,3,0,2,3,4,4.0,4.0,4.0
4236,1,31,5,3,2,30570,1.0,14,0,1.0,3,1,0,0,1,1,2.0,2.0,1.0
1903,0,29,18,4,2,45370,6.0,18,1,5.0,5,1,0,0,3,3,4.0,3.0,2.0
1147,0,33,3,3,1,33060,1.0,11,3,8.0,6,8,1,6,3,2,2.0,3.0,4.0
592,0,52,2,1,2,117130,2.0,14,0,24.0,2,5,0,2,3,3,4.0,2.0,2.0
472,0,29,21,1,1,22180,1.0,24,1,10.0,1,10,0,8,4,2,2.0,1.0,2.0
2156,0,54,1,3,2,23620,6.0,13,1,9.0,2,5,1,4,3,2,2.0,3.0,3.0
1882,0,35,18,4,2,63340,1.0,14,0,11.0,2,11,3,3,3,3,3.0,4.0,4.0
1284,0,42,2,4,1,10910,2.0,22,0,16.0,0,1,0,0,4,3,3.0,1.0,2.0
1811,0,25,6,4,1,22160,2.0,13,3,6.0,2,3,1,2,3,3,1.0,4.0,2.0
2236,0,42,8,3,2,66510,0.0,20,0,10.0,5,9,4,2,4,3,1.0,2.0,3.0
3962,1,36,8,2,1,56600,7.0,6,0,9.0,3,1,0,0,3,3,2.0,1.0,1.0
2429,0,42,14,2,1,23980,0.0,14,1,10.0,2,9,7,8,3,3,4.0,4.0,3.0
2599,0,26,7,4,3,26930,5.0,17,3,8.0,3,0,0,0,3,2,2.0,4.0,4.0
1540,0,50,14,3,1,42980,1.0,20,1,31.0,6,31,14,7,4,2,4.0,4.0,1.0
1587,0,41,9,3,1,168720,2.0,15,1,21.0,2,18,0,11,3,3,1.0,1.0,4.0
1154,0,43,5,2,1,20280,4.0,20,1,7.0,2,5,2,2,4,4,4.0,4.0,2.0
3159,0,45,23,2,2,29730,1.0,12,0,10.0,2,10,1,4,3,2,3.0,4.0,4.0
1395,0,31,1,3,2,64650,4.0,17,0,13.0,3,7,5,7,3,2,3.0,4.0,3.0
2685,0,38,8,3,4,181720,6.0,12,2,6.0,5,1,0,1,3,3,4.0,2.0,3.0
452,0,29,1,4,3,27160,0.0,18,0,8.0,2,7,1,1,3,3,4.0,4.0,4.0
138,0,50,8,4,3,47870,0.0,12,0,28.0,3,27,15,7,2,3,3.0,2.0,2.0
584,0,39,14,4,2,104750,3.0,11,1,8.0,3,5,1,4,3,4,4.0,2.0,4.0
607,0,30,2,3,3,51210,7.0,13,0,8.0,4,3,0,2,3,2,2.0,3.0,3.0
2761,0,43,1,3,1,52650,4.0,11,1,12.0,4,5,2,2,3,4,2.0,4.0,4.0
350,0,31,1,4,4,190680,0.0,12,0,10.0,1,9,8,5,3,4,3.0,4.0,4.0
1838,0,32,3,3,1,53260,4.0,14,1,7.0,2,4,0,3,3,4,3.0,3.0,3.0
322,0,37,1,5,2,62610,1.0,12,0,10.0,1,10,0,9,3,3,4.0,4.0,4.0
3811,1,43,1,4,3,76550,9.0,6,1,6.0,3,1,0,0,1,2,3.0,2.0,1.0
3630,0,43,1,3,2,29320,5.0,16,0,22.0,3,17,1,9,4,4,4.0,3.0,4.0
3347,0,56,3,3,2,198470,4.0,12,0,6.0,6,0,0,0,3,3,4.0,3.0,2.0
288,0,51,13,3,3,94390,2.0,15,3,29.0,0,20,4,17,2,3,2.0,4.0,3.0
2631,0,22,2,2,2,195450,0.0,14,0,3.0,3,2,2,2,3,4,4.0,3.0,3.0
2626,0,48,6,1,2,53760,7.0,13,1,21.0,3,3,0,2,3,2,2.0,4.0,4.0
4283,1,56,1,2,5,25590,1.0,14,0,5.0,3,4,1,0,3,3,1.0,2.0,2.0
1217,0,55,11,4,1,55380,0.0,17,0,37.0,2,36,4,13,3,4,4.0,4.0,3.0
2852,0,37,1,3,1,170680,3.0,23,0,8.0,6,4,0,1,4,3,4.0,4.0,4.0
2495,0,54,1,4,2,29330,3.0,12,2,20.0,2,4,0,3,3,4,4.0,4.0,3.0
1451,0,23,10,3,5,42210,1.0,11,1,5.0,4,4,0,2,3,4,4.0,4.0,3.0
2349,0,27,2,3,1,27830,6.0,16,1,6.0,2,2,2,2,3,3,4.0,3.0,3.0
2872,0,34,23,4,1,115100,0.0,14,1,7.0,5,6,0,4,3,4,3.0,4.0,3.0
4038,1,47,1,3,2,196270,7.0,5,2,25.0,1,23,14,10,3,2,4.0,3.0,2.0
133,0,26,2,2,4,24360,1.0,24,0,3.0,2,3,0,2,4,3,4.0,4.0,2.0
1938,0,31,6,3,2,36170,7.0,21,1,10.0,5,5,0,3,4,3,2.0,4.0,2.0
1714,0,42,4,4,5,170460,7.0,11,0,10.0,3,4,0,3,3,4,4.0,3.0,4.0
4249,1,30,1,3,3,179240,1.0,7,2,10.0,2,10,6,7,2,4,2.0,4.0,1.0
608,0,31,1,3,1,168560,3.0,12,1,9.0,3,3,1,0,3,4,4.0,4.0,2.0
1501,0,35,1,3,1,108550,3.0,13,1,17.0,2,8,1,6,3,4,3.0,2.0,4.0
1635,0,55,2,3,2,75470,7.0,16,0,31.0,2,9,6,2,3,4,2.0,3.0,3.0
1196,0,31,6,4,1,24370,9.0,14,1,9.0,3,2,2,2,3,3,3.0,4.0,4.0
1848,0,28,1,2,1,176390,0.0,13,1,6.0,0,5,1,3,3,4,3.0,4.0,3.0
1426,0,48,13,3,1,97240,3.0,13,0,12.0,2,2,2,2,3,3,1.0,4.0,3.0
3269,0,51,1,4,1,40330,2.0,16,0,15.0,2,2,2,2,3,3,2.0,4.0,4.0
482,0,30,16,3,3,48100,8.0,18,0,8.0,3,4,0,3,3,4,3.0,4.0,3.0
2282,0,35,16,4,3,40690,1.0,13,0,6.0,5,6,0,4,3,4,3.0,3.0,4.0
2272,0,29,22,4,1,48410,0.0,11,0,6.0,3,5,0,4,3,4,2.0,2.0,4.0
494,0,42,4,4,5,170460,7.0,11,0,10.0,3,4,0,3,3,2,4.0,4.0,3.0
3814,1,44,12,4,1,28440,1.0,8,0,6.0,2,5,2,3,2,2,3.0,4.0,2.0
1892,0,42,1,4,2,31620,2.0,17,2,24.0,1,20,13,9,3,4,2.0,4.0,4.0
4142,1,26,1,3,2,24260,1.0,13,0,1.0,3,1,0,0,4,3,2.0,3.0,1.0
3825,1,30,14,4,2,49500,1.0,4,2,1.0,3,1,0,0,1,2,4.0,4.0,2.0
2871,0,28,1,1,2,63470,1.0,15,1,4.0,2,4,2,2,3,3,3.0,3.0,4.0
1930,0,46,10,4,1,23320,1.0,11,0,27.0,2,26,0,12,3,4,4.0,4.0,3.0
3794,1,18,4,5,1,24790,1.0,6,1,0.0,2,0,0,0,1,3,2.0,2.0,1.0
655,0,28,4,1,2,25590,1.0,11,0,8.0,3,8,1,7,3,3,2.0,3.0,4.0
4195,1,20,10,3,3,34640,1.0,15,0,2.0,3,2,0,2,2,3,3.0,3.0,4.0
1563,0,40,1,4,2,192320,2.0,14,1,11.0,3,1,0,0,3,3,4.0,3.0,4.0
638,0,44,4,3,5,43820,7.0,16,2,11.0,2,1,0,0,3,3,2.0,3.0,4.0
2154,0,42,8,4,2,61510,1.0,13,1,20.0,3,20,3,7,3,4,4.0,3.0,3.0
3498,0,46,7,3,3,164370,8.0,13,1,16.0,0,4,0,2,3,2,3.0,3.0,4.0
1975,0,38,15,2,2,24510,7.0,12,1,19.0,3,13,2,9,3,2,4.0,4.0,4.0
3607,0,22,1,3,4,129360,1.0,22,2,4.0,3,4,2,2,3,4,4.0,4.0,3.0
2094,0,43,1,3,1,73790,7.0,13,2,21.0,3,16,6,14,3,4,1.0,4.0,4.0
1031,0,44,1,1,3,15630,5.0,12,2,9.0,3,4,1,3,3,3,2.0,1.0,3.0
2430,0,40,22,3,2,54680,0.0,12,0,22.0,6,21,3,9,3,4,4.0,2.0,3.0
4269,1,44,12,4,1,28440,1.0,11,0,6.0,2,5,2,3,2,3,3.0,1.0,1.0
2526,0,50,7,3,3,98880,6.0,15,0,20.0,2,4,1,3,3,3,3.0,3.0,4.0
3527,0,24,2,1,2,34070,0.0,12,1,6.0,4,5,1,2,3,3,4.0,4.0,1.0
3069,0,45,1,2,1,184300,4.0,12,1,10.0,5,3,1,2,3,2,1.0,4.0,3.0
3247,0,24,2,4,1,45080,0.0,11,1,3.0,5,2,2,1,3,3,3.0,4.0,4.0
3341,0,45,6,4,2,29940,4.0,13,1,12.0,2,4,0,3,3,1,4.0,4.0,4.0
3403,0,37,1,3,4,54290,1.0,21,1,16.0,3,16,6,8,3,3,4.0,3.0,4.0
4289,1,53,22,3,1,34230,6.0,5,1,15.0,4,2,2,2,2,2,3.0,2.0,1.0
206,0,33,6,3,2,90690,3.0,25,1,15.0,3,13,4,7,4,3,4.0,3.0,4.0
256,0,29,8,2,3,169590,4.0,14,3,11.0,5,8,1,1,3,2,1.0,4.0,4.0
2197,0,35,13,3,2,23940,1.0,16,1,9.0,3,9,1,7,3,3,4.0,3.0,4.0
1113,0,41,8,4,4,57430,2.0,12,3,7.0,2,5,1,4,3,3,1.0,1.0,3.0
2212,0,27,6,2,1,164220,1.0,20,1,6.0,3,6,0,3,4,4,2.0,1.0,3.0
2741,0,37,19,2,4,42570,4.0,15,0,9.0,2,1,0,0,3,4,4.0,3.0,4.0
2201,0,40,8,4,1,93620,2.0,11,1,8.0,6,2,2,2,3,4,1.0,1.0,3.0
3318,0,39,2,3,3,102520,8.0,13,1,7.0,3,2,2,2,3,3,4.0,4.0,3.0
2663,0,41,5,3,1,102390,3.0,24,3,23.0,3,21,12,6,4,4,4.0,4.0,3.0
776,0,34,6,2,1,21770,1.0,13,0,10.0,5,10,8,7,3,4,2.0,4.0,4.0
1302,0,29,1,3,2,66670,9.0,12,1,6.0,6,3,1,2,3,4,2.0,4.0,3.0
396,0,50,2,2,1,36880,0.0,11,0,19.0,3,18,0,13,3,3,3.0,4.0,4.0
2208,0,31,6,4,4,147320,0.0,12,0,10.0,3,9,1,7,3,3,2.0,4.0,4.0
8,0,45,14,2,2,79910,0.0,13,2,21.0,2,20,4,10,3,3,2.0,4.0,4.0
4017,1,29,34,3,5,44340,5.0,13,3,7.0,1,5,0,0,3,1,1.0,4.0,2.0
220,0,39,10,5,1,62200,1.0,14,2,20.0,2,20,11,10,3,4,2.0,3.0,2.0
3706,1,20,13,3,2,93960,1.0,4,0,2.0,6,2,0,2,3,3,1.0,1.0,2.0
3856,1,20,5,4,2,99240,1.0,13,0,1.0,3,1,1,0,4,2,2.0,1.0,2.0
945,0,38,1,4,2,36690,2.0,19,0,10.0,2,8,7,7,3,3,3.0,4.0,4.0
2170,0,41,2,2,1,23870,3.0,17,1,12.0,1,5,1,0,3,3,4.0,4.0,4.0
1092,0,30,8,3,3,28140,1.0,24,0,10.0,2,10,0,9,4,4,2.0,3.0,3.0
1626,0,38,7,4,2,26950,3.0,14,1,8.0,4,2,2,2,3,4,2.0,4.0,3.0
630,0,53,2,4,2,116910,4.0,20,0,35.0,2,9,8,8,4,4,2.0,2.0,4.0
554,0,39,21,1,2,34470,0.0,14,0,9.0,5,8,1,7,3,4,3.0,3.0,3.0
548,0,30,7,1,4,40890,0.0,18,0,10.0,2,9,6,7,3,2,2.0,4.0,4.0
647,0,30,1,2,3,102210,0.0,19,1,6.0,2,5,1,3,3,3,3.0,3.0,4.0
4154,1,42,12,1,1,50100,6.0,15,3,7.0,3,2,2,2,3,3,3.0,1.0,1.0
572,0,27,2,3,2,48510,8.0,18,0,5.0,2,1,0,0,3,3,1.0,3.0,4.0
1256,0,49,1,3,3,73140,7.0,22,0,25.0,2,7,0,7,4,1,4.0,2.0,2.0
3385,0,47,1,4,2,42490,2.0,12,1,25.0,2,17,12,11,3,4,1.0,4.0,3.0
1359,0,35,10,2,2,28090,4.0,23,1,10.0,2,8,0,0,4,3,4.0,3.0,3.0
894,0,34,6,1,3,25850,3.0,12,0,9.0,5,4,0,1,3,4,4.0,3.0,4.0
323,0,50,14,3,1,42980,1.0,20,1,31.0,6,31,14,7,4,3,4.0,3.0,4.0
1432,0,32,2,3,5,30380,1.0,11,0,10.0,5,10,0,8,3,3,2.0,4.0,3.0
172,0,37,6,2,1,20280,1.0,16,1,9.0,3,9,7,7,3,2,3.0,4.0,3.0
278,0,30,6,3,2,14830,5.0,13,0,12.0,3,0,0,0,3,4,2.0,3.0,2.0
1133,0,38,1,1,2,176030,4.0,16,0,12.0,0,8,0,7,3,3,4.0,3.0,4.0
316,0,53,7,3,1,20890,5.0,16,0,28.0,2,2,2,2,3,1,4.0,4.0,4.0
1652,0,48,2,1,2,23700,2.0,11,0,27.0,3,5,2,1,3,4,3.0,3.0,4.0
3409,0,36,19,3,2,61200,0.0,15,0,10.0,2,9,3,4,3,3,4.0,4.0,4.0
2112,0,44,1,2,4,187110,2.0,12,1,10.0,0,2,2,2,3,3,4.0,3.0,2.0
1842,0,31,13,3,2,27820,1.0,19,1,13.0,5,13,9,9,3,1,3.0,3.0,3.0
3186,0,36,18,3,3,21320,4.0,20,0,9.0,1,3,0,2,4,4,4.0,3.0,4.0
540,0,51,17,4,2,182000,0.0,17,0,8.0,3,7,7,7,3,4,2.0,4.0,4.0
3320,0,28,23,2,2,68520,1.0,14,1,1.0,2,1,0,0,3,2,4.0,4.0,3.0
2764,0,50,14,3,1,42980,1.0,20,1,31.0,6,31,14,7,4,4,3.0,2.0,4.0
4024,1,30,1,3,3,179240,1.0,8,2,10.0,2,10,6,7,1,3,4.0,1.0,2.0
938,0,25,16,5,2,85000,4.0,12,0,6.0,2,2,1,2,3,2,3.0,4.0,2.0
2615,0,25,2,3,1,190940,1.0,16,0,7.0,3,7,0,6,1,3,3.0,4.0,4.0
3693,1,26,18,2,2,26130,6.0,16,1,6.0,2,4,1,2,3,2,3.0,2.0,2.0
3255,0,29,2,4,2,55930,1.0,18,1,1.0,3,1,0,0,3,4,2.0,3.0,3.0
2769,0,28,19,5,1,23280,1.0,11,2,4.0,3,4,0,2,3,3,4.0,4.0,2.0
2509,0,47,1,3,2,68340,3.0,16,1,5.0,2,0,0,0,3,2,4.0,4.0,4.0
1765,0,32,8,4,1,42330,1.0,11,0,10.0,5,10,0,8,3,4,2.0,4.0,4.0
3701,1,26,26,4,1,20240,1.0,22,0,8.0,2,8,1,7,3,1,4.0,1.0,2.0
1482,0,24,1,5,1,81890,1.0,14,1,1.0,3,1,0,0,3,3,4.0,3.0,3.0
571,0,48,2,1,2,28190,1.0,20,0,11.0,2,10,0,8,4,3,4.0,4.0,4.0
2629,0,21,13,2,3,87260,1.0,11,1,3.0,2,3,1,2,3,4,4.0,3.0,3.0
3019,0,35,1,4,2,81200,0.0,13,0,10.0,2,9,0,0,3,4,2.0,4.0,4.0
2275,0,36,2,3,2,43200,3.0,17,0,5.0,2,1,0,0,3,3,3.0,3.0,4.0
2809,0,50,8,1,1,52490,9.0,21,2,32.0,2,5,1,3,4,3,2.0,3.0,4.0
4046,1,21,1,2,5,27910,1.0,5,0,1.0,3,1,1,0,1,2,2.0,3.0,2.0
3708,1,22,18,4,1,124900,0.0,11,0,4.0,3,3,0,2,2,4,2.0,2.0,1.0
1894,0,33,7,3,2,28990,1.0,17,0,15.0,3,15,5,7,3,3,4.0,4.0,4.0
2316,0,30,8,3,3,28140,1.0,24,0,10.0,2,10,0,9,4,3,3.0,4.0,3.0
1244,0,28,7,3,1,46480,0.0,23,2,9.0,2,8,0,7,4,4,4.0,4.0,4.0
1350,0,60,13,3,4,23390,4.0,20,0,22.0,4,18,13,11,4,4,2.0,4.0,3.0
1659,0,38,6,4,1,66530,7.0,20,1,10.0,2,1,0,0,4,2,2.0,3.0,3.0
1326,0,37,1,3,3,20080,3.0,22,0,15.0,5,13,10,7,4,4,4.0,3.0,4.0
1220,0,21,2,2,1,42130,1.0,12,3,3.0,3,3,1,0,3,2,2.0,4.0,4.0
3559,0,53,11,2,5,35170,2.0,19,1,13.0,1,7,4,5,3,4,4.0,4.0,2.0
3211,0,36,2,2,3,199730,6.0,12,0,10.0,2,3,0,2,3,4,1.0,4.0,1.0
1840,0,41,21,3,3,54850,2.0,17,2,7.0,2,4,0,3,3,3,4.0,3.0,2.0
3718,1,31,34,4,2,25930,0.0,14,0,4.0,2,3,1,2,3,2,1.0,4.0,1.0
1248,0,38,4,2,3,63840,3.0,19,2,19.0,4,10,0,1,3,4,2.0,1.0,4.0
716,0,45,2,4,2,58550,1.0,14,1,10.0,3,10,4,5,3,3,4.0,4.0,4.0
2819,0,31,4,2,2,65020,1.0,12,0,4.0,3,4,0,3,3,4,4.0,4.0,3.0
1981,0,38,23,2,1,39170,1.0,15,3,4.0,2,4,3,3,3,2,4.0,3.0,3.0
3438,0,27,4,4,4,44000,9.0,16,1,6.0,3,2,2,2,3,3,4.0,3.0,3.0
1279,0,29,2,4,3,39780,1.0,11,0,7.0,0,7,1,7,3,3,1.0,4.0,4.0
3958,1,37,18,3,2,44850,5.0,5,1,15.0,2,1,0,0,3,2,4.0,1.0,3.0
1053,0,35,2,4,2,101240,0.0,14,1,16.0,2,15,2,8,3,3,3.0,4.0,3.0
4216,1,19,2,2,3,98240,1.0,14,0,1.0,2,1,0,0,2,1,2.0,2.0,2.0
1820,0,25,1,4,2,25000,4.0,14,2,7.0,2,3,0,2,3,3,2.0,4.0,3.0
3129,0,35,6,2,1,22770,1.0,12,1,3.0,2,3,1,2,3,4,2.0,4.0,3.0
1141,0,46,8,3,2,153790,1.0,12,0,24.0,1,24,15,7,3,3,3.0,3.0,3.0
910,0,35,20,1,1,54100,0.0,18,0,6.0,4,5,0,4,3,3,4.0,2.0,3.0
4307,1,28,12,1,1,25610,1.0,15,1,2.0,3,2,2,2,4,2,3.0,2.0,2.0
1469,0,26,2,2,1,28350,3.0,11,1,5.0,2,2,2,0,3,2,4.0,4.0,4.0
2445,0,37,1,3,2,41270,2.0,13,1,15.0,2,5,0,2,3,4,2.0,4.0,3.0
3228,0,45,2,3,2,83960,3.0,15,2,25.0,3,23,14,4,3,4,3.0,2.0,4.0
4163,1,28,23,4,2,32040,6.0,14,1,5.0,4,2,2,1,3,1,2.0,2.0,3.0
1425,0,29,2,4,4,64990,1.0,18,3,10.0,3,10,2,8,3,3,4.0,4.0,3.0
483,0,40,7,3,1,45230,5.0,16,1,5.0,5,0,0,0,3,4,2.0,3.0,3.0
952,0,33,2,4,3,16110,0.0,14,0,10.0,2,9,8,1,3,3,4.0,2.0,3.0
3841,1,41,8,2,1,20990,8.0,7,1,8.0,2,6,0,5,1,2,2.0,4.0,1.0
391,0,59,13,4,5,186650,3.0,12,0,30.0,3,5,4,3,3,4,4.0,4.0,3.0
1199,0,45,17,1,3,22890,4.0,13,0,9.0,3,3,0,2,3,2,3.0,4.0,2.0
3346,0,47,1,4,1,45380,8.0,14,0,16.0,3,8,1,7,3,4,4.0,3.0,3.0
1208,0,32,14,4,4,193280,1.0,15,3,5.0,2,5,0,3,3,4,2.0,2.0,4.0
2050,0,46,2,4,1,42720,7.0,13,0,24.0,3,2,2,2,3,3,4.0,2.0,3.0
3238,0,47,2,2,2,39550,7.0,12,1,4.0,5,1,0,0,3,3,3.0,3.0,4.0
1503,0,34,2,5,4,23230,0.0,17,0,4.0,2,3,0,2,3,4,4.0,4.0,2.0
